{"cameraMode":{"drawMode":0,"name":"Shaded","section":"Shading Mode"},"sceneLighting":false,"audioPlay":false,"sceneViewState":{"m_AlwaysRefresh":false,"showFog":true,"showSkybox":false,"showFlares":true,"showImageEffects":true,"showParticleSystems":true,"showVisualEffectGraphs":true,"m_FxEnabled":true},"in2DMode":false,"pivot":{"x":0.0018720626831054688,"y":0.89670330286026,"z":-0.015012413263320923},"rotation":{"x":0.17290526628494264,"y":0.7084903120994568,"z":-0.18604934215545655,"w":0.6584419012069702},"size":1.3744477033615113,"orthographic":false}